{"paths": {"admin/js/vendor/select2/i18n/ar.js": "admin\\js\\vendor\\select2\\i18n\\ar.a8bb27ec698c.js", "admin/js/vendor/select2/i18n/az.js": "admin\\js\\vendor\\select2\\i18n\\az.498dc667b34e.js", "admin/js/vendor/select2/i18n/bg.js": "admin\\js\\vendor\\select2\\i18n\\bg.89cba4df3c86.js", "admin/js/vendor/select2/i18n/ca.js": "admin\\js\\vendor\\select2\\i18n\\ca.2eaad4eb1950.js", "admin/js/vendor/select2/i18n/cs.js": "admin\\js\\vendor\\select2\\i18n\\cs.a68bcd293adc.js", "admin/js/vendor/select2/i18n/da.js": "admin\\js\\vendor\\select2\\i18n\\da.cbf897a0ae53.js", "admin/js/vendor/select2/i18n/de.js": "admin\\js\\vendor\\select2\\i18n\\de.366d0aacb55f.js", "admin/js/vendor/select2/i18n/el.js": "admin\\js\\vendor\\select2\\i18n\\el.5629ce65500f.js", "admin/js/vendor/select2/i18n/en.js": "admin\\js\\vendor\\select2\\i18n\\en.05649b26c086.js", "admin/js/vendor/select2/i18n/es.js": "admin\\js\\vendor\\select2\\i18n\\es.dc9dbf9d65df.js", "admin/js/vendor/select2/i18n/et.js": "admin\\js\\vendor\\select2\\i18n\\et.c3953fb90b6b.js", "admin/js/vendor/select2/i18n/eu.js": "admin\\js\\vendor\\select2\\i18n\\eu.11b925456433.js", "admin/js/vendor/select2/i18n/fa.js": "admin\\js\\vendor\\select2\\i18n\\fa.98e52839b583.js", "admin/js/vendor/select2/i18n/fi.js": "admin\\js\\vendor\\select2\\i18n\\fi.659847deefdc.js", "admin/js/vendor/select2/i18n/fr.js": "admin\\js\\vendor\\select2\\i18n\\fr.b06a3340de45.js", "admin/js/vendor/select2/i18n/gl.js": "admin\\js\\vendor\\select2\\i18n\\gl.78a87f7c0a51.js", "admin/js/vendor/select2/i18n/he.js": "admin\\js\\vendor\\select2\\i18n\\he.222d90ee0344.js", "admin/js/vendor/select2/i18n/hi.js": "admin\\js\\vendor\\select2\\i18n\\hi.116a90b7111b.js", "admin/js/vendor/select2/i18n/hr.js": "admin\\js\\vendor\\select2\\i18n\\hr.e1d2c70b4df5.js", "admin/js/vendor/select2/i18n/hu.js": "admin\\js\\vendor\\select2\\i18n\\hu.db45641f10b2.js", "admin/js/vendor/select2/i18n/id.js": "admin\\js\\vendor\\select2\\i18n\\id.6ee6c9c64b94.js", "admin/js/vendor/select2/i18n/is.js": "admin\\js\\vendor\\select2\\i18n\\is.808c7d47acb5.js", "admin/js/vendor/select2/i18n/it.js": "admin\\js\\vendor\\select2\\i18n\\it.bae1661dbb77.js", "admin/js/vendor/select2/i18n/ja.js": "admin\\js\\vendor\\select2\\i18n\\ja.19cf1ce8a03d.js", "admin/js/vendor/select2/i18n/km.js": "admin\\js\\vendor\\select2\\i18n\\km.6074a9c5575c.js", "admin/js/vendor/select2/i18n/ko.js": "admin\\js\\vendor\\select2\\i18n\\ko.74b17541834f.js", "admin/js/vendor/select2/i18n/lt.js": "admin\\js\\vendor\\select2\\i18n\\lt.a0783b1bd159.js", "admin/js/vendor/select2/i18n/lv.js": "admin\\js\\vendor\\select2\\i18n\\lv.07fe2a580d17.js", "admin/js/vendor/select2/i18n/mk.js": "admin\\js\\vendor\\select2\\i18n\\mk.4986d7fc3ff3.js", "admin/js/vendor/select2/i18n/ms.js": "admin\\js\\vendor\\select2\\i18n\\ms.23e7b4369579.js", "admin/js/vendor/select2/i18n/nb.js": "admin\\js\\vendor\\select2\\i18n\\nb.137e184004aa.js", "admin/js/vendor/select2/i18n/nl.js": "admin\\js\\vendor\\select2\\i18n\\nl.c363ace8aa05.js", "admin/js/vendor/select2/i18n/pl.js": "admin\\js\\vendor\\select2\\i18n\\pl.76465b54a6b0.js", "admin/js/vendor/select2/i18n/pt-BR.js": "admin\\js\\vendor\\select2\\i18n\\pt-BR.9efbbac4fda8.js", "admin/js/vendor/select2/i18n/pt.js": "admin\\js\\vendor\\select2\\i18n\\pt.5d6ccc53b347.js", "admin/js/vendor/select2/i18n/ro.js": "admin\\js\\vendor\\select2\\i18n\\ro.1ddc2b9980dc.js", "admin/js/vendor/select2/i18n/ru.js": "admin\\js\\vendor\\select2\\i18n\\ru.d83609abf2e0.js", "admin/js/vendor/select2/i18n/sk.js": "admin\\js\\vendor\\select2\\i18n\\sk.a0f1a818d092.js", "admin/js/vendor/select2/i18n/sr-Cyrl.js": "admin\\js\\vendor\\select2\\i18n\\sr-Cyrl.2f3047aad49e.js", "admin/js/vendor/select2/i18n/sr.js": "admin\\js\\vendor\\select2\\i18n\\sr.157bc6eb978e.js", "admin/js/vendor/select2/i18n/sv.js": "admin\\js\\vendor\\select2\\i18n\\sv.2b21bb3f6110.js", "admin/js/vendor/select2/i18n/th.js": "admin\\js\\vendor\\select2\\i18n\\th.2a4ece4c4355.js", "admin/js/vendor/select2/i18n/tr.js": "admin\\js\\vendor\\select2\\i18n\\tr.c1925d8817db.js", "admin/js/vendor/select2/i18n/uk.js": "admin\\js\\vendor\\select2\\i18n\\uk.3d56f311192d.js", "admin/js/vendor/select2/i18n/vi.js": "admin\\js\\vendor\\select2\\i18n\\vi.3520aa7bdea8.js", "admin/js/vendor/select2/i18n/zh-CN.js": "admin\\js\\vendor\\select2\\i18n\\zh-CN.419002d3c6c1.js", "admin/js/vendor/select2/i18n/zh-TW.js": "admin\\js\\vendor\\select2\\i18n\\zh-TW.c021537edf2c.js", "admin/css/vendor/select2/LICENSE-SELECT2.md": "admin\\css\\vendor\\select2\\LICENSE-SELECT2.7cf1de939f3b.md", "admin/css/vendor/select2/select2.css": "admin/css/vendor/select2/select2.3805311d5fc1.css", "admin/css/vendor/select2/select2.min.css": "admin/css/vendor/select2/select2.min.d44571114a90.css", "admin/js/vendor/jquery/jquery.js": "admin\\js\\vendor\\jquery\\jquery.6fb03f669462.js", "admin/js/vendor/jquery/jquery.min.js": "admin\\js\\vendor\\jquery\\jquery.min.9c86871c4213.js", "admin/js/vendor/jquery/LICENSE.txt": "admin\\js\\vendor\\jquery\\LICENSE.a158210a2737.txt", "admin/js/vendor/select2/LICENSE.md": "admin\\js\\vendor\\select2\\LICENSE.7cf1de939f3b.md", "admin/js/vendor/select2/select2.full.js": "admin\\js\\vendor\\select2\\select2.full.a95323cb4760.js", "admin/js/vendor/select2/select2.full.min.js": "admin\\js\\vendor\\select2\\select2.full.min.da607360bcc6.js", "admin/js/vendor/xregexp/LICENSE.txt": "admin\\js\\vendor\\xregexp\\LICENSE.d64cecf4f157.txt", "admin/js/vendor/xregexp/xregexp.js": "admin\\js\\vendor\\xregexp\\xregexp.1865b1cf5085.js", "admin/js/vendor/xregexp/xregexp.min.js": "admin\\js\\vendor\\xregexp\\xregexp.min.c95393b8ca4d.js", "admin/img/gis/move_vertex_off.svg": "admin\\img\\gis\\move_vertex_off.7a23bf31ef8a.svg", "admin/img/gis/move_vertex_on.svg": "admin\\img\\gis\\move_vertex_on.0047eba25b67.svg", "admin/js/admin/DateTimeShortcuts.js": "admin\\js\\admin\\DateTimeShortcuts.efa703f6f0b3.js", "admin/js/admin/RelatedObjectLookups.js": "admin\\js\\admin\\RelatedObjectLookups.ea0683bea064.js", "admin/css/autocomplete.css": "admin/css/autocomplete.781713f30664.css", "admin/css/base.css": "admin/css/base.ae33e6383baa.css", "admin/css/changelists.css": "admin/css/changelists.f6dc691f8d62.css", "admin/css/dashboard.css": "admin/css/dashboard.7ac78187c567.css", "admin/css/fonts.css": "admin/css/fonts.168bab448fee.css", "admin/css/forms.css": "admin/css/forms.31b2f650d92e.css", "admin/css/login.css": "admin/css/login.252ffabd6548.css", "admin/css/responsive.css": "admin/css/responsive.3a465780d49f.css", "admin/css/responsive_rtl.css": "admin/css/responsive_rtl.51c7445ceeff.css", "admin/css/rtl.css": "admin/css/rtl.30f903442dc5.css", "admin/css/widgets.css": "admin/css/widgets.5e372b41c483.css", "admin/fonts/LICENSE.txt": "admin\\fonts\\LICENSE.d273d63619c9.txt", "admin/fonts/README.txt": "admin\\fonts\\README.ab99e6b541ea.txt", "admin/fonts/Roboto-Bold-webfont.woff": "admin\\fonts\\Roboto-Bold-webfont.50d75e48e0a3.woff", "admin/fonts/Roboto-Light-webfont.woff": "admin\\fonts\\Roboto-Light-webfont.c73eb1ceba33.woff", "admin/fonts/Roboto-Regular-webfont.woff": "admin\\fonts\\Roboto-Regular-webfont.35b07eb2f871.woff", "admin/img/calendar-icons.svg": "admin\\img\\calendar-icons.39b290681a8b.svg", "admin/img/icon-addlink.svg": "admin\\img\\icon-addlink.d519b3bab011.svg", "admin/img/icon-alert.svg": "admin\\img\\icon-alert.034cc7d8a67f.svg", "admin/img/icon-calendar.svg": "admin\\img\\icon-calendar.ac7aea671bea.svg", "admin/img/icon-changelink.svg": "admin\\img\\icon-changelink.18d2fd706348.svg", "admin/img/icon-clock.svg": "admin\\img\\icon-clock.e1d4dfac3f2b.svg", "admin/img/icon-deletelink.svg": "admin\\img\\icon-deletelink.564ef9dc3854.svg", "admin/img/icon-no.svg": "admin\\img\\icon-no.439e821418cd.svg", "admin/img/icon-unknown-alt.svg": "admin\\img\\icon-unknown-alt.81536e128bb6.svg", "admin/img/icon-unknown.svg": "admin\\img\\icon-unknown.a18cb4398978.svg", "admin/img/icon-viewlink.svg": "admin\\img\\icon-viewlink.41eb31f7826e.svg", "admin/img/icon-yes.svg": "admin\\img\\icon-yes.d2f9f035226a.svg", "admin/img/inline-delete.svg": "admin\\img\\inline-delete.fec1b761f254.svg", "admin/img/LICENSE": "admin\\img\\LICENSE.2c54f4e1ca1c", "admin/img/README.txt": "admin\\img\\README.a70711a38d87.txt", "admin/img/search.svg": "admin\\img\\search.7cf54ff789c6.svg", "admin/img/selector-icons.svg": "admin\\img\\selector-icons.b4555096cea2.svg", "admin/img/sorting-icons.svg": "admin\\img\\sorting-icons.3a097b59f104.svg", "admin/img/tooltag-add.svg": "admin\\img\\tooltag-add.e59d620a9742.svg", "admin/img/tooltag-arrowright.svg": "admin\\img\\tooltag-arrowright.bbfb788a849e.svg", "admin/js/actions.js": "admin\\js\\actions.8d83e3af0fbd.js", "admin/js/actions.min.js": "admin\\js\\actions.min.5fa8cb0403f1.js", "admin/js/autocomplete.js": "admin\\js\\autocomplete.cfd2c4dc8981.js", "admin/js/calendar.js": "admin\\js\\calendar.aae57adab5f6.js", "admin/js/cancel.js": "admin\\js\\cancel.a2c3149a1c5e.js", "admin/js/change_form.js": "admin\\js\\change_form.9e85003a1a38.js", "admin/js/collapse.js": "admin\\js\\collapse.c5b851e91226.js", "admin/js/collapse.min.js": "admin\\js\\collapse.min.44dfdb427845.js", "admin/js/core.js": "admin\\js\\core.a004ed25a257.js", "admin/js/inlines.js": "admin\\js\\inlines.12d1af430335.js", "admin/js/inlines.min.js": "admin\\js\\inlines.min.4d23f8660b21.js", "admin/js/jquery.init.js": "admin\\js\\jquery.init.95b62fa19378.js", "admin/js/popup_response.js": "admin\\js\\popup_response.6ce3197f8fc8.js", "admin/js/prepopulate.js": "admin\\js\\prepopulate.2f90da7170ec.js", "admin/js/prepopulate.min.js": "admin\\js\\prepopulate.min.85fd5e0fb706.js", "admin/js/prepopulate_init.js": "admin\\js\\prepopulate_init.0d3b53c37074.js", "admin/js/SelectBox.js": "admin\\js\\SelectBox.99d0cfd2e80c.js", "admin/js/SelectFilter2.js": "admin\\js\\SelectFilter2.32ea9335ce47.js", "admin/js/timeparse.js": "admin\\js\\timeparse.51258861a46a.js", "admin/js/urlify.js": "admin\\js\\urlify.67bae52223e0.js", "img/logo.png": "img\\logo.ebde8058c121.png", "style/about.css": "style/about.c9ebd489ddc7.css", "style/base.css": "style/base.b45fac0ca304.css", "style/detail.css": "style/detail.1e4a43fa3167.css", "style/home.css": "style/home.bb9e367c397c.css"}, "version": "1.0"}